name,price,ratings,url
Tuya WiFi Smart Energy Meter AC100-240V 1CT 2CT Clamp App Control 80A Power Monitor Energy Consumption Electricity Statistics,₱739.02,N/A,https://www.lazada.com.ph/products/pdp-i5250774773.html
Multi-function Power Panel 3 Phase Smart Energy Meter 96*96mm RS485 Modbus RTU 4 Wire Panel Meter,"₱3,141.00",N/A,https://www.lazada.com.ph/products/pdp-i4383566380.html
Tuya Smart Energy Meter WIFI Bidirection 2 Channel with Current Transformer Clamp App Monitor Power 80A 110V/240V,₱840.87,N/A,https://www.lazada.com.ph/products/pdp-i5308705307.html
【Top Picks】 Tuya WiFi Smart Energy Meter Clamp KWh Power Production Consumption APP Remote Control Bidirectional Monitoring Meter,"₱1,382.30",N/A,https://www.lazada.com.ph/products/pdp-i5178791695.html
TOMZN 63A 80A WIFI Smart Energy Meter Kwh Metering Switch Timer With Voltage Current And Leakage Protection TUYA Circuit Breaker,"₱1,498.00",N/A,https://www.lazada.com.ph/products/pdp-i4633046340.html
AC85-265V 100A Tuya WIFI Din Rail Smart Switch Remote Control Digital Power Energy Volt Amp Kwh Frequency Factor Meter,"₱1,161.87",N/A,https://www.lazada.com.ph/products/pdp-i5271749502.html
CHE 34100M THREE PHASE 4-WIRES SMART ENERGY METER 400V,"₱21,400.00",N/A,https://www.lazada.com.ph/products/pdp-i5390167421.html
100A Tuya WiFi Din Rail Power Energy Meter AC50-320V Smart Electricity Meter Digital Display Monitor Voltage Curve Ammeter GR2PW,₱767.32,N/A,https://www.lazada.com.ph/products/pdp-i4609637519.html
CHINT DDSU666 DTSU666 Single Phase DIN Rail Modbus RS485 Bi-directional Smart Energy Power KWH Electric Current Meter Wattmeter,"₱1,119.45",N/A,https://www.lazada.com.ph/products/pdp-i4652316054.html
Smart Bi-directional WiFi Energy Meter with CT 80A for Solar Systems Buzzer Overload Alarm App Monitor Export&Import Power,₱672.91,N/A,https://www.lazada.com.ph/products/pdp-i5223485096.html
【L-BEANS】 Smart Energy Meter with 80A Current Clamp for Remote Power Consumption Data,₱199.00,N/A,https://www.lazada.com.ph/products/pdp-i15415461557.html
"Zemismart 2Phase/3Phase Smart Energy Meter 120A with 3 clamps measuring Alarm function Smart Electricity Meter Monitor Din-rail Power Monitor Withdrawable Split-core CTs,work with Tuya Zigbee hub,HA","₱2,344.84",N/A,https://www.lazada.com.ph/products/pdp-i4533453910.html
Zemismart Tuya Smart Energy Meter Electric Energy Monitoring SmartLife APP Measure Alarm Smart Power Consumption kWh Meter Wattmeter Circuit Breaker Voltmeter Max 63A for Smart Home Monitor Real Time Monitoring of Electrici,"₱1,529.00",N/A,https://www.lazada.com.ph/products/pdp-i2601091916.html
Smart New WiFi Energy Clamp Bidirectional Meter with Buzzer Alarm for Threshold App Monitor Export Import Power AC110V/240V,₱702.71,N/A,https://www.lazada.com.ph/products/pdp-i4942503969.html
Acrel ADL400/C MID Approved Smart Power Consumption Meter with Optional Multi Tariff 3 Phase Digital Energy Meter with Rs485 Modbus-RTU,"₱3,018.59",N/A,https://www.lazada.com.ph/products/pdp-i3317635782.html
6-63A 1P+N WiFi Smart Circuit Breaker Kwh Energy Meter Monitoring Timer Relay MCB TUYA Smart Life Voltage Current Protection-lihaichao3,₱301.00,N/A,https://www.lazada.com.ph/products/pdp-i4457682066.html
Smart Life WiFi Energy Bidirection Meter with Buzzer Overload Alarm App Monitor Solar Produced Consumed Power AC110V/240V,₱706.41,N/A,https://www.lazada.com.ph/products/pdp-i4908820716.html
1P 2P 1-63A Tuya WiFi ZigBee Smart Switch Energy Meter Circuit Breaker kWh Voltage Current Leakage Protection Remote Control,₱808.96,N/A,https://www.lazada.com.ph/products/pdp-i5397726881.html
Tuya Smart Life 3 Phase WiFi Energy KWH Meter 80A 120A Power Clamp Current Transformer App Monitor,"₱3,612.60",N/A,https://www.lazada.com.ph/products/pdp-i3961777204.html
6 In1 Din Rail AC Monitor 110V 220V Wattmeter Digital Energy Meter Smart Meter Voltmeter Watt Power Meter Voltage Current Power Factor Meter Monitors,₱499.00,N/A,https://www.lazada.com.ph/products/pdp-i4025348068.html
AC50-320V 100A Smart Electricity Meter Tuya WiFi Din Rail Power Energy Meter Digital Display Monitor Voltage Curve Ammeter,"₱1,164.25",N/A,https://www.lazada.com.ph/products/pdp-i4323721061.html
"Tuya Smart WiFi Energy Meter – 1-50A Real-Time Power & Energy Monitoring, Home Assistant Compatible TONGOU",₱983.32,N/A,https://www.lazada.com.ph/products/pdp-i5128207306.html
AC85-265V 16A Tuya WIFI Smart Socket Digital Wattmeter Electricity Consumption Power Kwh With Switch Power Energy Meter,"₱1,151.55",N/A,https://www.lazada.com.ph/products/pdp-i4345579189.html
Smart Watt‑Hour Meter D52‑2066 Household Watt‑Hour Meter Rail Type 220V Smart Single Phase Energy Meter AC40.0‑300.0V,₱659.52,N/A,https://www.lazada.com.ph/products/pdp-i15436678028.html
Smart Life WIFI Energy Meter Current Sensor Statistician for Electrical Lighting Solar KWH Monitor 100-240V,₱780.49,N/A,https://www.lazada.com.ph/products/pdp-i4597090449.html
Acrel Smart Power Consumption Meter 3 Phase Digital Energy Meter with Rs485 Modbus-RTU and Multi Tariff Energies ADL400/F MID Approved,"₱2,921.59",N/A,https://www.lazada.com.ph/products/pdp-i4117016214.html
KWS-302WF WiFi Smart Power Meter 0-99999Kwh Tuya WiFi 8in1 Smart Energy Meter AC Power Meter Earth Leakage Protector Switch Relay Circuit Breaker Voltage Current Monitor Energy Meter Remotely Control Over Under Voltage Protection Relay Switch,₱949.00,N/A,https://www.lazada.com.ph/products/pdp-i5242687702.html
TUYA WiFi Smart Power Meter Over Under Voltage Protection Relay Switch Circuit Breaker Energy kWh Temperature Meter Smart Life,₱799.00,N/A,https://www.lazada.com.ph/products/pdp-i4628308347.html
US Plug Socket Smart Energy Power Meter Monitor Wattmeter Analyzer Electricity Watt Volt Amp Monitor Measuring Socket,₱428.00,N/A,https://www.lazada.com.ph/products/pdp-i3237191993.html
TUYA WiFi Smart Circuit Breaker Power Meter Relay Over Under Voltage Protection Switch Energy kWh Temperature Meter Smart Life,₱636.43,N/A,https://www.lazada.com.ph/products/pdp-i4222499783.html
TUYA WiFi Smart Power Meter Over Under Voltage Protection Relay Switch Circuit Breaker Energy kWh Temperature Meter Smart Life,₱729.00,N/A,https://www.lazada.com.ph/products/pdp-i4222476925.html
16A Tuya WIFI Smart Socket AC220V 110V Digital Wattmeter EU Plug Electricity consumption Power KWH US AU FR Power Energy Meter,"₱1,141.02",N/A,https://www.lazada.com.ph/products/pdp-i4214478906.html
63A 100A TUYA WiFi Smart Earth Leakage Over Under Voltage Protector Relay Switch Energy Power kWh Bidirectional Meter Smart Life,₱993.81,N/A,https://www.lazada.com.ph/products/pdp-i4250805457.html
Tuya Smart Life WiFi Single Phase 100A Energy monitor Two-way Prepaid Meter Auto-reclosing Voltage Current Protector Timer,"₱1,567.26",N/A,https://www.lazada.com.ph/products/pdp-i4407626355.html
Smart Sensor Digital Electric Energy Meter Single Phase DIN Rail Electricity Meter One Phase Two Wire Multifunction Electrical Meter,₱646.00,N/A,https://www.lazada.com.ph/products/pdp-i1324588298.html
Tuya WiFi 8in1 Power Meter 2P AC Energy Meter APP Control 170-270V/63A Voltage and Current Meter Electricity Meter Smart Life,₱731.66,N/A,https://www.lazada.com.ph/products/pdp-i4380322419.html
Smart Sensor Tuya Wifi Intelligent Energy Meter Solar PV System Power Production Consumption Bidirectional Monitoring Meter Mobilephone APP Control Power Monitor with CT,"₱1,067.00",N/A,https://www.lazada.com.ph/products/pdp-i4005906314.html
3 Phase Tuya WiFi Smart Energy Power kWh Meter Over Under Voltage Protector Relay Switch Current Limit 80A Timer 110V 220V,"₱1,666.80",N/A,https://www.lazada.com.ph/products/pdp-i5263924642.html
1P+N WIFI Smart Switch Energy Meter KWh Metering Monitoring Circuit Breaker Timer Relay MCB TUYA Smart Life 110VAC 230VAC,₱611.15,N/A,https://www.lazada.com.ph/products/pdp-i4608590657.html
SMATRUL 40/63A WIFI Smart Switch TUYA Energy Meter Kwh Metering Circuit Breaker Timer with voltage current and leakage protection,₱699.00,N/A,https://www.lazada.com.ph/products/pdp-i3882690522.html
Smart Bi-directional 120A WiFi Energy Meter with CT for Solar Systems Buzzer Overload Alarm App Monitor Export&Import Power,₱944.80,N/A,https://www.lazada.com.ph/products/pdp-i5369333943.html
Tuya WIFI Smart Energy Meter 0.2-80A Power Production Consumption Bidirectional Power Monito Support APP Control,₱719.58,N/A,https://www.lazada.com.ph/products/pdp-i5221602529.html
Ewelink 1P+N 63A 110V 220V WIFI Smart Switch Energy Meter kWh Metering Circuit Breaker Timer Relay Smart Home Protection,₱745.47,N/A,https://www.lazada.com.ph/products/pdp-i5337709528.html
WiFi TUYA Smart Three Phase Power Meter Over Under Voltage Current Protector Relay Switch Energy Power kWh Meter 80A Timer,"₱1,666.80",N/A,https://www.lazada.com.ph/products/pdp-i5249562161.html
DBM.HOME-Tuya Smart Life WiFi Energy Meter Bidirectional 2 Channel Din Rail with CT App Monitor Export and Import Power,"₱1,613.26",N/A,https://www.lazada.com.ph/products/pdp-i4666397657.html
Shelly EM Mini Gen4 Matter Compact Energy Meter Monitor energy Wifi 16A Zigbee Modify Existing Wall Switches and Sockets,"₱1,542.47",N/A,https://www.lazada.com.ph/products/pdp-i5298838789.html
Tuya Smart WiFi Energy Meter Current Transformer Clamp Monitor 1CH 2CH 80A Solar PV System Power Production Consumption Monitor,₱735.10,N/A,https://www.lazada.com.ph/products/pdp-i5262666824.html
JPTD AC110V/240V WiFi Smart Electricity Meter Single/Dual Channel with Buzzer Alarm Threshold App Monitor Solar Produced Consumed Power Clamp WiFi Energy Bidirection Meter App Monitor,₱887.73,N/A,https://www.lazada.com.ph/products/pdp-i15449032386.html
"Tuya Smart Life ZigBee Energy Meter Bidirectional with Clamp CT App Monitor Solar Power,80A,110V 240VAC","₱1,239.00",N/A,https://www.lazada.com.ph/products/pdp-i5221928631.html
TUYA WiFi Smart Power Meter Over Under Voltage Protection Relay Switch Circuit Breaker Energy kWh Temperature Meter Smart Life,"₱1,138.00",N/A,https://www.lazada.com.ph/products/pdp-i15435533189.html
【WELIBA】 Real-time Monitoring 3P Smart Meter Smart Energy Meter Power Factor Measurement,₱722.00,N/A,https://www.lazada.com.ph/products/pdp-i15429263883.html
Tuya Smart Life WiFi Energy Meter Bidirectional 2 Channel Din Rail with CT App Monitor Export and Import Power,"₱1,495.34",N/A,https://www.lazada.com.ph/products/pdp-i5202132867.html
TUYA Smartlife 63A TOMZN 1P+N WIFI Smart Switch Energy Meter Kwh Metering Monitoring Circuit Breaker Timer Relay MCB,₱813.00,N/A,https://www.lazada.com.ph/products/pdp-i4632911881.html
KWS-303 Tuya WiFi Energy Meter 8in1 Multi-function AC Voltage Ammeter APP Control AC85-290V/40a Voltage Meter,₱707.05,N/A,https://www.lazada.com.ph/products/pdp-i5318200457.html
KEWEISI 8 IN 1 170-270V/63A WIFI Smart Power Meter 2P Multi-function AC Energy Meter Color Screen Timer Power Monitor Voltage Current KWH Meter Standard Rail Mounting Backlight App Control,₱942.00,N/A,https://www.lazada.com.ph/products/pdp-i4063880202.html
KWS-303 Tuya WiFi Power Meter APP Control 8 in1 Energy Meter 85-290V/40A Voltage and Current Meter Electricity Meter Smart Life,₱760.48,N/A,https://www.lazada.com.ph/products/pdp-i4792405834.html
Meterk Tuya WiFi 8in1 Power Meter Color Screen 2P Multi-function AC Energy Meter Mobilephone Remotely APP Control 170-270V/63A Voltage and Current Meter Standard Rail Mounting,₱633.67,N/A,https://www.lazada.com.ph/products/pdp-i4004925363.html
Tuya WiFi 9in1 Power Meter AC Energy Meter APP Control 100-290V/40A Voltage and Current Meter Electricity Meter Smart Life,₱599.00,N/A,https://www.lazada.com.ph/products/pdp-i5199579556.html
Tuya 8in1 Power Meter Color Screen 2p Multi-function Ac Energy Meter 170-270v/63a Voltage Current Meter Standard Rail Mounting,₱750.24,N/A,https://www.lazada.com.ph/products/pdp-i4404086215.html
PkYeG Tuya WiFi Power Meter Din Rail 2P AC Energy Meter APP Control 85-290V 40A Voltage Current Meter Electricity Consumption Meter,₱641.33,N/A,https://www.lazada.com.ph/products/pdp-i15407792559.html
AC 63A 90-300V TUYA WIFI Smart Circuit Breaker Power Metering Energy Meter DIN Rail Smart Home wireless Remote Control Smart Switch,₱599.00,N/A,https://www.lazada.com.ph/products/pdp-i15455278976.html
Tuya WiFi Home Intelligent Digital Electricity Meter Din Rail Voltage Current KWH Meter Power Factor Frequency Metering Energy Meter,₱706.89,N/A,https://www.lazada.com.ph/products/pdp-i4449195079.html
AVATTO Tuya WiFi Energy Meter 80A Current Transformer KWh Power Monitor Electricity Monitor Smart Life APP Remote Control.,₱608.00,N/A,https://www.lazada.com.ph/products/pdp-i4307917885.html
Tuya WiFi 8 in 1 Power Meter AC Energy Meter Digital Color Screen 2P 170-270V/63A Voltage Current Meter,₱700.51,N/A,https://www.lazada.com.ph/products/pdp-i4048225745.html
WiFi Power Meter 8in1 Energy Meter 2P AC APP Control 170-300V/63A Voltage Current Power Timing Temperature Frequency Meter Smart Three Phase Power Meter Over Under Voltage Current Protector Relay Switch,₱949.00,N/A,https://www.lazada.com.ph/products/pdp-i5286358346.html
63A 1P+N WIFI Smart Switch Energy Meter KWh Metering Monitoring Circuit Breaker Over Voltage Protection Current Limiter MCB TUYA Smart Life 110VAC 230VAC,₱469.00,N/A,https://www.lazada.com.ph/products/pdp-i4053885175.html
ATORCH GR2PW Electricity Meter Tuya WiFi Rail Power Energy Meter AC50-320V Digital Display Monitor Voltage Curve Ammeter,"₱1,135.86",N/A,https://www.lazada.com.ph/products/pdp-i5216761239.html
KWS-302WF Tuya WiFi 8in1 Smart Power Meter Multi-function AC Energy Meter APP Control Over Under Voltage Protection Relay Switch Circuit Breaker Energy kWh Temperature Meter Home Intelligent Digital Electricity Meter Energy Meter,₱999.00,N/A,https://www.lazada.com.ph/products/pdp-i5243409418.html
Best-selling 6 In1 Din Rail AC Monitor 110V 220V Wattmeter Digital Energy Meter Smart Meter Voltmeter Watt Power Meter Voltage Current Power Factor Meter Monitors,₱438.00,N/A,https://www.lazada.com.ph/products/pdp-i4229751031.html
Smart Life WIFI Energy Meter Current Sensor Statistician for Electrical Lighting Solar KWH Monitor 100-240V,₱688.01,N/A,https://www.lazada.com.ph/products/pdp-i5190953449.html
Tuya WiFi Energy Smart Meter 1CH 2CH 80A Current Transformer Clamp Monitor Solar PV System Power Production Consumption Monitor,₱723.92,N/A,https://www.lazada.com.ph/products/pdp-i5249131651.html
Meterk tongou Tuya Intelligent Energy Meter with Metering Voltage Power Electricity Monitoring Leakage Protector 63A AC85-300V with LCD Display Support APP Remote Control Compatible with Alexa Assistant,"₱1,274.87",N/A,https://www.lazada.com.ph/products/pdp-i4294950356.html
UK plug Energy Meter Watt Volt Electricity Monitor Analyzer Power Smart Home Plug Power Meter,₱453.90,N/A,https://www.lazada.com.ph/products/pdp-i2577371839.html
"ORIA Power Meter Socket Smart US Plug Energy Meter Power Consumption Watt Meter Voltage Amp Tester Monitor With Backlight, Digital LCD Display, Built-in Rechargeable Battery for Energy Saving",₱796.00,N/A,https://www.lazada.com.ph/products/pdp-i3223274348.html
Smart Life WIFI Energy Meter Current Sensor Statistician for Electrical Lighting Solar KWH Monitor 100-240V,₱699.00,N/A,https://www.lazada.com.ph/products/pdp-i5202267466.html
WiFi 8in1 Power Meter 2P AC Energy Meter APP Control 170-300V/63A Voltage and Current Meter Electricity Meter Smart Three Phase Power Meter Over Under Voltage Current Protector Relay Switch,₱949.00,N/A,https://www.lazada.com.ph/products/pdp-i5286568057.html
Digital Power Meter Electric Energy Monitoring Watt/Volt/Amp/Frequency Meter Socket Watt Meter And Power Analyzer,₱422.00,N/A,https://www.lazada.com.ph/products/pdp-i5158305631.html
【COD/Original】63A Tuya WIFI Smart Switch Circuit Breaker Energy Meter KWh Power Metering Timer Relay Remote Contro,"₱1,229.00",N/A,https://www.lazada.com.ph/products/pdp-i15459568111.html
Smart Sensor 3 Phase 4 Wire Energy Meter 220/380V 5-80A Energy Consumption kWh Meter DIN Rail Installation Digital Electric Power Meter with LCD Backlight Display,"₱1,431.40",N/A,https://www.lazada.com.ph/products/pdp-i2501942548.html
6 In1 Din Rail AC Monitor 110V 220V Wattmeter Digital Energy Meter Smart Meter Voltmeter Watt Power Meter Voltage Current Power Factor Meter Monitors,₱499.00,N/A,https://www.lazada.com.ph/products/pdp-i4025194953.html
63A TUYA WIFI Smart Switch Energy Meter 1P+N 110VAC 230VAC Voltage Current Protection KWh Metering Monitoring Circuit Breaker MCB Smart Life,₱499.74,N/A,https://www.lazada.com.ph/products/pdp-i4059141680.html
KKmoon Tuya Wifi Intelligent Energy Meter Solar PV System Power Production Consumption Bidirectional Monitoring Meter Mobilephone APP Control Power Monitor with CT,₱969.03,N/A,https://www.lazada.com.ph/products/pdp-i4019437738.html
Smart Life Circuit Breaker 1Pole 63A Remote Control Voltage Current Protection Power Metering Energy Meter Switch Energy,₱625.00,N/A,https://www.lazada.com.ph/products/pdp-i15496367983.html
Remote WiFi Smart Home Electricity Power Meter,₱757.00,N/A,https://www.lazada.com.ph/products/pdp-i15418462030.html
D52-2066 6IN1 Din rail AC Monitor 110V 220V 380V 100A Voltage Current Power Factor Active KWH Electric energy Frequency meter VOLT AMP,₱369.00,N/A,https://www.lazada.com.ph/products/pdp-i15454455121.html
TOMZN 63A L+N Ewelink WIFI Smart Switch Energy Meter Kwh Metering Monitoring Circuit Breaker Timer Relay For Smart Home,₱859.00,N/A,https://www.lazada.com.ph/products/pdp-i15486975085.html
8in1 WiFi Smart Power Meter Over Under Voltage Protection Power Meter 2P AC Energy Meter APP Control Voltage and Current Meter Electricity Meter Smart Life,₱462.40,N/A,https://www.lazada.com.ph/products/pdp-i15491489971.html
Shelly EM Gen4 Smart Energy Meter WiFi Zigbee Matter with 2 CT Channels Power Monitoring & Dry Contact Relay for Home Assistant,"₱5,189.11",N/A,https://www.lazada.com.ph/products/pdp-i15490376464.html
AC 220V 63A 1P+N WIFI TUYA Smart Switch Energy Meter KWh Circuit Breaker Timer MCB Voltage Protector,₱599.00,N/A,https://www.lazada.com.ph/products/pdp-i15455772519.html
KWS-302WF Smart Switch AC 170V-270V Power Voltmeter Circuit Breaker Energy Meter KWh Power Metering Timer Relay Remote Contro,"₱1,019.00",N/A,https://www.lazada.com.ph/products/pdp-i15497163078.html
KWS-302 WiFi APP Control 8in1 Power Meter Digital Screen 2P Multi-function AC Energy Meter 170-270V/63A Voltage Current Meter,₱691.74,N/A,https://www.lazada.com.ph/products/pdp-i4500911245.html
TAXNELE 63A TUYA prepaid WiFi Smart Earth Leakage Voltage Protector circuit breaker Power kWh Meter Energy Meter,₱888.00,N/A,https://www.lazada.com.ph/products/pdp-i15462367127.html
63A 100A TUYA WiFi Smart Earth Leakage Over Under Voltage Protector Relay Switch Energy Power kWh Bidirectional Meter Smart Life,"₱1,345.68",N/A,https://www.lazada.com.ph/products/pdp-i15431361273.html
63A Tuya WIFI Smart Switch Circuit Breaker Energy Meter KWh Power Metering Timer Relay Remote Control Voltage Protect Smart Life,₱636.43,N/A,https://www.lazada.com.ph/products/pdp-i4222586220.html
Tuya WiFi Smart Circuit Breaker MCB 1P+N 63A Timer Power Energy kWh Voltage Current Meter Protector Voice Remote Control Switch,₱469.00,N/A,https://www.lazada.com.ph/products/pdp-i4804868846.html
8 in 1 WIFI Energy Meter Color Screen Phone Remotely APP Control AC 2P AC 170V-270V Power Voltmeter Voltage Amps Watt Kwh Meter,₱772.00,N/A,https://www.lazada.com.ph/products/pdp-i4052011270.html
[Fast Delivery] D52-2066 6IN1 Din rail AC Monitor 110V 220V 380V 100A Voltage Current Power Factor Active KWH Electric energy Frequency meter VOLT AMP,₱369.00,N/A,https://www.lazada.com.ph/products/pdp-i15446022160.html
ATORCH 2P 63A Tuya WIFI Smart Switch Circuit Breaker Energy Meter KWh Power Metering Timer Relay Remote Control Smart Life APP,"₱1,040.97",N/A,https://www.lazada.com.ph/products/pdp-i4214245856.html
TUYA WiFi Smart Circuit Breaker 63A Leakage Over Under Voltage Protector Relay Switch Energy Power kWh Meter Smart Life Device,"₱1,089.00",N/A,https://www.lazada.com.ph/products/pdp-i4328810322.html
TUYA WIFI Smart Circuit Breaker 1P 63A Power Metering Energy Meter DIN Rail Smart Home wireless Remote Control Voltage Current Protection Switch Over Current Limter,₱576.00,N/A,https://www.lazada.com.ph/products/pdp-i5351350419.html
D52-2066 6IN1 Din rail AC Monitor 110V 220V 380V 100A Voltage Current Power Factor Active KWH Electric energy Frequency meter VOLT AMP,₱386.32,N/A,https://www.lazada.com.ph/products/pdp-i15475562211.html
MOES Tuya Zigbee Smart 1-Phase Energy Power Meter 100A APP Monitoring Module Bidirectional With Current Transformer Sensor Clamp,"₱1,099.00",N/A,https://www.lazada.com.ph/products/pdp-i15469117196.html
2P 63A TUYA WiFi Smart Circuit Breaker Earth Leakage Over Under Voltage Protector Relay Device Switch Energy Power kWh Meter,₱899.00,N/A,https://www.lazada.com.ph/products/pdp-i3936401606.html
63A Tuya WIFI Smart Switch Circuit Breaker Energy Meter KWh Power Metering Timer Relay Remote Contro,₱650.00,N/A,https://www.lazada.com.ph/products/pdp-i5201470089.html
FNIRSI | High Precision AC DC Smart Digital Clamp Meter,"₱2,492.00",N/A,https://www.lazada.com.ph/products/pdp-i5375672045.html
TUYA WiFi Remote Monitor 6IN1 AC 110V 220V 100A Voltage Current Power Factor KWH Electric Energy Frequency Meter D52-2066,₱799.00,N/A,https://www.lazada.com.ph/products/pdp-i4435922971.html
8 in 1 WIFI Energy Meter Color Screen Phone Remotely APP Control AC 2P AC 170V-270V Power Voltmeter Voltage Amps Watt Kwh Meter,"₱1,079.00",N/A,https://www.lazada.com.ph/products/pdp-i15459590047.html
Zemismart Zigbee 120A 2 Phase Energy Meter Smart Din-rail Power Monitor Withdrawable Split-core CTs Works with Tuya Zigbee Hub,"₱2,864.52",N/A,https://www.lazada.com.ph/products/pdp-i5156316857.html
Ewelink TONGOU 1P+N 63A 110V 220V WIFI Smart Switch Energy Meter kWh Metering Circuit Breaker Timer Relay Smart Home Protection,"₱1,092.00",N/A,https://www.lazada.com.ph/products/pdp-i5231023418.html
"AIERB SDM120CTM 1 Phase RS485 Modbus Power Meter,Wattmeter,Energy Meter,DIN Rail Energy Meter SIVOP","₱3,408.95",N/A,https://www.lazada.com.ph/products/pdp-i4421841425.html
SONOFF POWCT POW Ring Smart Power 100A Max Meter WiFi Energy Monitoring Split Core Current Transformer Smart Switch Support Contactor Control eWeLink APP Control Tracks Energy Usage for Household Appliances,"₱1,779.50",N/A,https://www.lazada.com.ph/products/pdp-i4453577208.html
【Free gift】KWS-302 8in1 Unlimit Distance WiFi APP Control Power Meter Digital Screen AC Energy Meter 170-270V/63A Voltage Current Meter,₱415.00,N/A,https://www.lazada.com.ph/products/pdp-i5334776539.html
6IN1 Din rail AC monitor 110V 220V 100A Voltage Current Power Factor Active KWH Electric energy Frequency meter VOLT AMP,₱425.00,N/A,https://www.lazada.com.ph/products/pdp-i4433477713.html
WiFi Smart Circuit Breaker MCB 1-63A Energy Kwh Metering Monitoring Voltage Current Meter Protector Work For Tuya Remote Control,₱690.15,N/A,https://www.lazada.com.ph/products/pdp-i5368005693.html
ATORCH GR2PW Electricity Meter Tuya WiFi Rail Power Energy Meter AC50-320V Digital Display Monitor Voltage Curve Ammeter,"₱1,128.04",N/A,https://www.lazada.com.ph/products/pdp-i5367251744.html
WiFi Smart Power Meter Over Under Voltage Protection Relay Switch Circuit Breaker Energy kWh Temperature Meter APP Control 170-300V/63A Smart Three Phase Power Meter Over Under Voltage Current Protector Relay Switch,₱949.00,N/A,https://www.lazada.com.ph/products/pdp-i5286175695.html
Peacefair Direct Current Voltage Current Meter 0~300A/300V Power Energy Consumption Test Instrument Multimeter,₱726.00,N/A,https://www.lazada.com.ph/products/pdp-i2544604232.html
TAXNELE 63A 100A TUYA WiFi Smart Earth Leakage Over Under Voltage Protector Relay Switch Energy Power KWh Bidirectional Meter Smart Life,₱988.00,N/A,https://www.lazada.com.ph/products/pdp-i5341532592.html
【BUY 1 TAKE 1】Power Electricity Save Saving Energy Saver Box Effective Electric Home Smart Energy Power Saver Save 80% of Electricity,₱123.00,N/A,https://www.lazada.com.ph/products/pdp-i5234428550.html
D52-2066 6IN1 Digital Din rail AC Monitor Voltage Current Power Factor Active KWH Electric energy Frequency meter VOLT AMP,₱219.00,N/A,https://www.lazada.com.ph/products/pdp-i5264794282.html
[Fast Delivery] 6IN1 din rail AC monitor 110V 220V Voltage Current Power Factor Active KWH Electric energy Frequency,₱365.00,N/A,https://www.lazada.com.ph/products/pdp-i15448401282.html
63A TUYA WIFI Smart Switch 1P Circuit Breaker Energy Meter KWh Power Metering Timer Relay MCB Remote Control Smart Life,₱594.97,N/A,https://www.lazada.com.ph/products/pdp-i3838960300.html
BMK 220V power meter fuel monitor voltage current power multi-mode smart meter backlight socket for air conditioner refrigerator,₱616.00,N/A,https://www.lazada.com.ph/products/pdp-i4285375298.html
63A TUYA WiFi Smart Earth Leakage Over Under Voltage Protector Relay Device Switch Breaker Energy Power kWh Meter Smart Life,"₱1,299.00",N/A,https://www.lazada.com.ph/products/pdp-i3344360479.html
TUYA AC 220V 63A 1P+N WIFI Smart Switch Energy Meter KWh Circuit Breaker Timer MCB Voltage Protector,₱599.00,N/A,https://www.lazada.com.ph/products/pdp-i15456333465.html
[Lightning delivery]Digital Energy Meter Din Rail LED Active Power Factor Multi-Functional Power Met,₱483.48,N/A,https://www.lazada.com.ph/products/pdp-i370860818.html
100A TUYA WiFi Smart Earth Leakage Over Under Voltage Protector Relay Device Switch Breaker Energy Power kWh Meter Smart Life,"₱1,300.11",N/A,https://www.lazada.com.ph/products/pdp-i4776174251.html
Smart Life TUYA WIFI 63A Circuit breaker Over Under Voltage Protection Earth Leakage Protector Relay Switch Energy kWh Meter,₱885.06,N/A,https://www.lazada.com.ph/products/pdp-i4575703286.html
KWH 6IN1 Din rail AC Monitor 110V 220V Voltage Current Power Factor Active Electric energy Frequency meter VOLT AMP LC,₱550.00,N/A,https://www.lazada.com.ph/products/pdp-i5089554640.html
Shelly EM + 50A Clamp Domotica Smart switch WiFi Operated Energy Meter Contactor Control Internal Memory Measurement And Configurable Alarm,"₱2,364.09",N/A,https://www.lazada.com.ph/products/pdp-i4881933123.html
D52-2066 6IN1 din rail AC monitor 220V 100A Voltage Current Power Factor KWH energy Frequency meter,₱427.00,N/A,https://www.lazada.com.ph/products/pdp-i5413106393.html
Tuya Smart WIFI 2P 1-63A Adjustable Circuit Breaker Earth Leakage Over Under Voltage Protector Relay Switch Energy kWh Meter,₱892.00,N/A,https://www.lazada.com.ph/products/pdp-i4879209892.html
Electric Analyzer Monitor Digital Power Meter Wattmeter Socket US Plug Energy Meter Current Metering Socket Monitor Energy Power Meter Watt Volt Amp Frequency Electricity Analyzer Monitor Universal Watt KWh Measuring Socket Voltage Frequency,₱428.00,N/A,https://www.lazada.com.ph/products/pdp-i2558458157.html
D52-2066 6IN1 Din rail AC Monitor 110V 220V 380V 100A Voltage Current Power Factor Active KWH Electric energy Frequency meter VOLT AMP,₱445.00,N/A,https://www.lazada.com.ph/products/pdp-i4389085527.html
6IN1 Din Rail AC Monitor 110V 220V 380V 100A Voltage Current Power Factor Active KWH Electric Energy Frequency Meter,₱408.00,N/A,https://www.lazada.com.ph/products/pdp-i15453752973.html
【From Bulacan】HABOTEST HT93 Smart Digital Multimeter Voltage Tester 2000 Counts Volt Meter Auto Ranging Accurately Measures with NCV AC DC 2V 20V 200V 600V,₱325.00,N/A,https://www.lazada.com.ph/products/pdp-i4563973011.html
AC 220V 50/60Hz 80A Single Phase LCD Display Wattmeter Power Consumption Voltage Current Energy kWH Meter Din Rail Electric backlight,₱298.73,N/A,https://www.lazada.com.ph/products/pdp-i4405920976.html
PZEM-051 PZEM-022 100A DC AC Digital Energy Meter Monitor Voltage Current Power Capacity,₱933.00,N/A,https://www.lazada.com.ph/products/pdp-i4654800672.html
100A 2P TUYA WiFi Smart Earth Leakage Over Under Voltage Protector Relay Device Switch Breaker Energy Power kWh Meter Smart Life,"₱1,300.11",N/A,https://www.lazada.com.ph/products/pdp-i4776085603.html
TAXNELE AC monitor 110V 220V 380V 100A Voltage Current Power Factor Active KWH Electric energy Frequency meter VOLT AMP,₱738.00,N/A,https://www.lazada.com.ph/products/pdp-i5326534086.html
63A 80A TUYA WiFi Smart Earth Leakage Over Under Voltage Protector Relay Circuit Breaker Timer Energy Power kWh Meter Smart Life,"₱1,136.90",N/A,https://www.lazada.com.ph/products/pdp-i3379242388.html
ZS-6035VAKW Digital Energy Meter Din Rail Electricity Usage Monitor AC30-400V Voltmeter Ammeter Watt Kwh Frequency Power Meter,₱465.48,N/A,https://www.lazada.com.ph/products/pdp-i5269248469.html
SONOFF POW Elite WiFi Smart Power Meter Switch LCD Screen Energy Monitoring Wireless Smart Switch Light Switch 16A / 20A 6-Month History Data eWeLink APP Control Water Heater Switch,₱849.00,N/A,https://www.lazada.com.ph/products/pdp-i3196259133.html
AC monitor 110V 220V 380V 100A Voltage Current Power Factor Active KWH Electric energy Frequency meter VOLT AMP,₱457.00,N/A,https://www.lazada.com.ph/products/pdp-i5167424408.html
TUYA WiFi AC monitor 110V 220V Over Voltage Current Protection KWH Energy Temperature Meter Relay Switch Circuit Breaker,₱638.06,N/A,https://www.lazada.com.ph/products/pdp-i4922245461.html
DIN-rail Multi-function Meter D52-2042 D52-2047 Digital LED Voltage Current Active Power Factor Energy Meter AC80-300V 100A,₱348.00,N/A,https://www.lazada.com.ph/products/pdp-i699380766.html
63A Tuya WIFI Smart Switch Circuit Breaker Energy Meter KWh Power Metering Timer Relay Remote Contro【Local delivery】,"₱1,259.00",N/A,https://www.lazada.com.ph/products/pdp-i15459332417.html
6 in 1 D52-2066 Din Rail AC Monitor 300V 100A Voltage Current Power Factor Active KWH Electric Energy Frequency Meter VOLT AMP,₱439.00,N/A,https://www.lazada.com.ph/products/pdp-i5308011675.html
Shelly Plug PM Gen3 16A Smart Wi-Fi Energy Meter Plug with Real-Time Power Monitoring,"₱1,798.63",N/A,https://www.lazada.com.ph/products/pdp-i5399304005.html
XunHe | Smart Power Meter Socket Power Display Energy Test,₱301.33,N/A,https://www.lazada.com.ph/products/pdp-i15393885244.html
KKmoon Tuya WiFi Intelligent Circuit Breaker Backlit Single-Phase Energy Meter Auto-Reclosing Protector with LCD Display Support APP Remote Control Over/Under Voltage Over-Current Leakage Protecting Compatible with Alexa Google Assistant,₱962.37,N/A,https://www.lazada.com.ph/products/pdp-i4293147844.html
D52-2066 6IN1 Din Rail AC Monitor 110V 220V 380V 100A Voltage Current Power Factor Active KWH Electric Energy Frequency Meter VOLT AMP,₱219.00,N/A,https://www.lazada.com.ph/products/pdp-i5401626917.html
RCTLB Tuya WiFi Power Meter Din Rail 2P AC Energy Meter APP Control 85-290V 40A Voltage Current Meter Electricity Consumption Meter,₱798.77,N/A,https://www.lazada.com.ph/products/pdp-i5233377207.html
Tuya Smart Life 3 Phase WiFi Energy KWH Meter Power Clamp Current Transformer App Monitor and Record Consumption,"₱3,879.60",N/A,https://www.lazada.com.ph/products/pdp-i4433317781.html
"【Beverly】-5G/3G/4G/GSM Full Band Omni Wireless Smart Meter Router Module Gain 40DBi Antenna, SMA Male",₱84.95,N/A,https://www.lazada.com.ph/products/pdp-i4372740719.html
ATORCH GR2PWS Electricity Meter Tuya WiFi Rail Power Energy Meter AC50-320V Digital Display Monitor Voltage Curve Ammeter,"₱1,300.67",N/A,https://www.lazada.com.ph/products/pdp-i5191121202.html
Smart High Precision Single Phase Energy Meter 220V,₱428.13,N/A,https://www.lazada.com.ph/products/pdp-i15406785581.html
Smart Sensor Tuya ZigBee Energy Meter 80A Current Transformer Clamp KWh Power Monitor Electricity Statistics Monitoring Device Compatible Alexa Google Home for Voice Control,"₱1,695.00",N/A,https://www.lazada.com.ph/products/pdp-i3778743625.html
TUYA WiFi Remote Monitor 6IN1 AC 110V 220V 100A Voltage Current Power Factor KWH Electric Energy Frequency Meter D52-2066,"₱1,088.00",N/A,https://www.lazada.com.ph/products/pdp-i15433934148.html
Shooting Speed Meter Ball Velocity Energy Measurement Shooting Chronograph with Backlight LCD Bullet Speed Tester,₱771.94,N/A,https://www.lazada.com.ph/products/pdp-i4606750627.html
ApeaxFortis--【Free gift】KWS-302 8in1 Unlimit Distance WiFi APP Control Power Meter Digital Screen AC Energy Meter 170-270V/63A Voltage Current Meter,₱415.00,N/A,https://www.lazada.com.ph/products/pdp-i15474460818.html
【MALL GMTOP】 Chint Multifunction Power Programable V A W Kwh Dtsu666 Rs485 Energy Meter 1 / 3 Phase 220v 380v Digital Watt-Hour Ddsu666,₱844.30,N/A,https://www.lazada.com.ph/products/pdp-i5370886794.html
"💡【TRXNELE D52-2066】Smart Watt Hour Meter Para Makatipid sa Kuryente | Kitang-Kita: KWH, Watt, Boltahe | COD + Mabilis na Delivery",₱415.00,N/A,https://www.lazada.com.ph/products/pdp-i5381402571.html
RS485 400V Three Phase Multi-function Digital LCD Display Voltage Ampere Watt Power Energy Frequency Meter,₱911.00,N/A,https://www.lazada.com.ph/products/pdp-i3659223493.html
6IN1 Din rail AC monitor 110V 220V 100A Voltage Current Power Factor Active KWH Electric energy Frequency meter VOLT AMP【Original+24hours delivery】COD,₱462.00,N/A,https://www.lazada.com.ph/products/pdp-i4751201064.html
60 Amp Smart Electric Sub-Meter for Power Monitoring,₱330.00,N/A,https://www.lazada.com.ph/products/pdp-i15457062427.html
CHINT DDSU666 DTSU666 80A Din Rail Digital Voltmeter Power Electric Energy KWH Meter Volt Amp Modbus RS485 AC 230V 380V,"₱1,090.00",N/A,https://www.lazada.com.ph/products/pdp-i4513133878.html
TUYA WiFi Smart Circuit Breaker 1P 63A Din Rail/Power Energy Metering/Voltage Current Protection/Wireless Remote Control/Over Current Limiter/Smart Home PH,₱582.00,N/A,https://www.lazada.com.ph/products/pdp-i5349236630.html
D52-2047 Digital Meter Din Rail LED Energy Voltage Volt Current Meter AC 80-300V 200-450V 0-100A Voltmeter Ammeter,₱629.00,N/A,https://www.lazada.com.ph/products/pdp-i1036346782.html
MUHUALAN | Magnetic Refrigerator Clock with Thermometer Humidity Meter and Alarm Smart Watch,₱331.15,N/A,https://www.lazada.com.ph/products/pdp-i15416639157.html
Smart Sensor Multi-Function Single Phase Digital Meter LCD Display AC Voltage AC Current Power Frequency Electric Energy Power Factor Measurement Meter Monitor,"₱1,017.00",N/A,https://www.lazada.com.ph/products/pdp-i3445439561.html
BUY 1 TAKE 1 Smart Weather Net Japan Black Weather Net Water Proof Net Shade Outdoor Smart Weather Net Water Proof Sunshade Outdoor Waterproof Fado Multifunction Weather Net Net For Green House Gardening Anti Uv Sunshade Net Outdoor,₱119.00,N/A,https://www.lazada.com.ph/products/pdp-i3134017080.html
[ HIGH QUALITY ] Electric Saver Reducer Smart Energy Saver Device Electric Bill Killer Voltage Stabilizer Energy Power Saving Device Saver Effective Power Electricity Device Electricity,₱229.00,N/A,https://www.lazada.com.ph/products/pdp-i4125222750.html
diymore PZIOT-E01，AC70-260V Tuya Single Phase 6 In 1 AC Electric Din Rail Wifi Smart Kwh Energy Meter Power Consumption Meters Wattmeter Voltmeter Ammeter,₱991.00,N/A,https://www.lazada.com.ph/products/pdp-i3381764732.html
Digital Power Meter Electric Energy Monitoring Watt/Volt/Amp/Frequency Meter Socket Watt Meter And Power Analyzer,₱428.00,N/A,https://www.lazada.com.ph/products/pdp-i3237256655.html
【Ready Stock】63A Tuya WIFI Smart Switch Circuit Breaker Energy Meter KWh Power Metering Timer Relay Remote Contro,"₱1,189.00",N/A,https://www.lazada.com.ph/products/pdp-i15459502255.html
CHNT | Smart Dual-Channel DC Bidirectional Rail-Mounted Photovoltaic Energy Meter,"₱5,207.09",N/A,https://www.lazada.com.ph/products/pdp-i5241984288.html
Tuya Intelligent Electricity Energy Meter Smart Power Production Consumption Bidirectional Monitor with 2 * 80A CT Current Transformer Support Real-Time Monitoring Alert Function Mobile Phone APP Control,"₱1,476.00",N/A,https://www.lazada.com.ph/products/pdp-i4855937998.html
Tuya WiFi Smart Meter Digital Energy Meter 80A Current Transformer Solar PV Power Production Consumption Monitor,₱799.73,N/A,https://www.lazada.com.ph/products/pdp-i5223195521.html
NANWEI Smart Home Energy Monitor Single Phase Meter Consumption Monitor Real-Time Data Display for Solar PV System Monitoring Compatible with Tuya Smart App,"₱1,119.00",N/A,https://www.lazada.com.ph/products/pdp-i15404763248.html
Manage Your Solar Energy with Tuya Solar Bidirectional Energy Meter RMDZT-GF/4P 100A,"₱1,763.00",N/A,https://www.lazada.com.ph/products/pdp-i4254278245.html
Youlide UT61E+ Four-and-a-half-high-precision 61B+ Multimeter UT61A Full-automatic 61C Electrician 61D+ Energy Meter,"₱2,348.39",N/A,https://www.lazada.com.ph/products/pdp-i5125321222.html
[ HIGH QUALITY ] Power Electricity Saver Effective Device Reducer Smart Energy Electric Bill Killer Voltage Stabilizer Saving Box 70% power saver box smart power energy saving box,₱128.00,N/A,https://www.lazada.com.ph/products/pdp-i4066610793.html
Digital Electric Energy Meter Multifunctional Wattmeter LCD Display KWh Meter Single Phase Wattmeter AC 220V 50/60Hz DDS1108,₱277.92,N/A,https://www.lazada.com.ph/products/pdp-i5049283527.html
Smart Sensor Tuya Wifi Intelligent Power Socket Electricity Power Monitor Multi-energy Monitoring Meter 2.4 inch Color Screen Mobilephone APP Remote Controlling Device,"₱2,024.00",N/A,https://www.lazada.com.ph/products/pdp-i3295264680.html
diymore ZFX-P3010 Tuya WiFi Intelligent Energy Meter Voltage Current and Power Meter Multifunctional Digital Monitor AC 220V 10A,₱899.00,N/A,https://www.lazada.com.ph/products/pdp-i4285478604.html
Multifunctional for Shooting Speed Meter Ball Velocity Energy Measurement Shooting Chronograph Bullet Speed Tester,"₱1,236.00",N/A,https://www.lazada.com.ph/products/pdp-i4403783548.html
New Shooting Speed Meter Ball Velocity Energy Measurement Shooting Chronograph Bullet Speed Tester with Backlight LCD,₱872.36,N/A,https://www.lazada.com.ph/products/pdp-i4549223195.html
Meterk Tuya ZigBee Intelligent Bidirectional Single-phase Energy Meter Solar PV System Power Production Consumption Monitoring Meter Transformer Power Monitor with 150A CT,"₱1,400.00",N/A,https://www.lazada.com.ph/products/pdp-i4289865041.html
BOSTO HUNYA Tuya WiFi Intelligent Energy Meter Solar PV System Power Production Consumption Bidirectional Monitoring Meter Mobilephone APP Control Power Monitor with CT (1CT),"₱1,491.67",N/A,https://www.lazada.com.ph/products/pdp-i15429585290.html
PROSEAL Electrical Submeter Heavy Duty Original Sub Meter Sub-meter/ Digital LCD Screen Submeter,₱320.00,N/A,https://www.lazada.com.ph/products/pdp-i4059026362.html
KKmoon Tuya WiFi Intelligent Bidirectional Single-phase Energy Meter Solar PV System Power Production Consumption Monitoring Meter with 150A Clamp Current Sensor Transformer Power Monitor,"₱1,493.22",N/A,https://www.lazada.com.ph/products/pdp-i3900509129.html
✅Original fast delivery✅CHINT MINIATURE CIRCUIT BREAKER 20AMP 32AMP 1POLE AND 2POLE AND 3POLE,₱118.00,N/A,https://www.lazada.com.ph/products/pdp-i2907244013.html
1Set Tuya Solar PV Bidirectional WiFi Energy Meter with CT 150A Two Way Clamp Current Sensor Transformer App Monitor Power White Plastic,"₱1,371.95",N/A,https://www.lazada.com.ph/products/pdp-i5183502733.html
NJTY Mini Digital Multimeter AC/DC Voltage Meter 4000 Counts Smart Multimetro Ohm NCV Electrician Tools Measuring Instruments,₱329.00,N/A,https://www.lazada.com.ph/products/pdp-i4824030036.html
Smart Electricity Meter WIFI Remote Prepaid Electricity Meter Multifunctional 3-phase Rail Type Home Room Rlectricity Meter LCD Screen for Tuya App Electricity Management Digital Energy Meter,"₱3,193.60",N/A,https://www.lazada.com.ph/products/pdp-i4419642099.html
"MOKETA Electric Sub-Meter (60Amp) digital electric meter For home use, rental housing, and hotels Single phase household smart energy meter, electronic rental electricity meter",₱336.00,N/A,https://www.lazada.com.ph/products/pdp-i15411036250.html
220V Single Phase Electric Energy Meter kwh Meter Submeter Electrical Sub Meter For Electric,₱225.00,N/A,https://www.lazada.com.ph/products/pdp-i3631220885.html
RMSPD | Prepaid Intelligent Energy Meter Single Phase 220V,₱597.33,N/A,https://www.lazada.com.ph/products/pdp-i15392419362.html
PZEM-004T AC Electric Energy Metering Power Monitor Watt Meter | PZEM-004T TTL Serial AC Voltage Current Power with Open CT,₱550.00,N/A,https://www.lazada.com.ph/products/pdp-i3098154471.html
Tuya WiFi 9in1 Power Meter AC Energy Meter APP Control 100-290V/40A Voltage and Current Meter Electricity Meter Smart Life,₱535.38,N/A,https://www.lazada.com.ph/products/pdp-i4726154673.html
AC220V WiFi Smart Energy Meter Power Protector Circuit Breaker Over/Undervoltage Leakage Overcurrent Protection Power Meter 65A,"₱1,540.98",N/A,https://www.lazada.com.ph/products/pdp-i15457646787.html
1P+N WIFI Smart Switch Energy Meter KWh Metering Monitoring Circuit Breaker Timer Relay MCB TUYA Smart Life 110VAC 230VAC,₱578.98,N/A,https://www.lazada.com.ph/products/pdp-i4921057630.html
Wifi Intelligent Energy Meter with CT Clamp Sensor Smart Life WiFi Digital Energy Meter Solar PV Bidirectional Monitoring Meter,"₱1,083.95",N/A,https://www.lazada.com.ph/products/pdp-i15487890172.html
GARRYFIZH Tuya WiFi Energy Meter 80A Current Transformer Clamp KWh Power Monitor Electricity Statistics Monitoring Device Compatible Alexa Home for Voice Control,"₱1,019.00",N/A,https://www.lazada.com.ph/products/pdp-i15477763619.html
TOMZN 6IN1 din rail AC monitor 110V 220V 100A Voltage Current Power Factor Active KWH Electric energy Frequency meter VOLT AMP,₱705.90,N/A,https://www.lazada.com.ph/products/pdp-i4886911203.html
WiFi TUYA Smart Three Phase Power Meter Over Under Voltage Current Protector Relay Switch Energy Power kWh Meter 80A Timer,"₱1,999.00",N/A,https://www.lazada.com.ph/products/pdp-i15435301762.html
"EasyLogic PM2120, Power & Energy meter, up to 15th H, LED, RS485, class 1 by Schneider Electric - Newbridge METSEPM2120","₱9,415.00",N/A,https://www.lazada.com.ph/products/pdp-i1550380633.html
ZigBee WIFI Smart Switch Home Energy Meter Wireless Remote Control Kwh Metering Circuit Breaker Timer Relay 50/60Hz Smartlife,₱970.31,N/A,https://www.lazada.com.ph/products/pdp-i5347364490.html
AC40-300V AC0-100A D522066 Household WattHour Meter Rail Type 220V Smart Single Phase Energy Meter,₱799.83,N/A,https://www.lazada.com.ph/products/pdp-i5132927247.html
【liuxiaomei】KEWEISI KWS-DC200 Digital Voltmeter Ammeter 0-200V DC Power Energy Meter with LED Display ResetHope you have a pleasant shopping experience<br><br>,₱807.30,N/A,https://www.lazada.com.ph/products/pdp-i5292626773.html
【Wireless】 KWS-302WF WIFI APP Digital Energy Meter Tester Electricity Usage 170-300V Power Voltmeter Voltage Amps Watt Kwh Meter,₱857.00,N/A,https://www.lazada.com.ph/products/pdp-i5248422015.html
Meterk Tuya Intelligent Circuit Breaker Backlit Single-Phase Energy Meter Auto-Reclosing Protector with LCD Display Support APP Remote Control Over/Under Voltage Over-Current Leakage Protecting Compatible with Alexa Assistant,₱956.37,N/A,https://www.lazada.com.ph/products/pdp-i4289787370.html
6IN1 din rail AC monitor 220V 380V 100A Voltage Current Power Factor Active KWH Electric energy Frequency meter VOLT AMP,₱487.00,N/A,https://www.lazada.com.ph/products/pdp-i5154791322.html
PZEM-051/PZEM-022 100A 0-100V LCD Digital Display Voltage Current Watt Energy Consumption Power Capacity Meter Power Meter,₱937.00,N/A,https://www.lazada.com.ph/products/pdp-i4671796344.html
6IN1 Din rail AC monitor 110V 220V 100A Voltage Current Power Factor Active KWH Electric energy Frequency meter VOLT AMP【Spot】COD,₱445.00,N/A,https://www.lazada.com.ph/products/pdp-i5398455972.html
PZEM-022 100A 6in1 Digital AC 80~260V Power Energy Monitor Voltage Current KWh Watt Meter,₱895.00,N/A,https://www.lazada.com.ph/products/pdp-i3895507375.html
KWS-306 Energy Meter Power Meter DIN Rail 3 Phase 4 Wire Voltage AC 85-290V Voltmeter Amps Watt Kwh Meter with Color Screen,"₱2,227.65",N/A,https://www.lazada.com.ph/products/pdp-i15486659115.html
Original Aideepen Peacefair Newest PZEM-017 DC 0-300V Voltmeter Ammeter RS485 Modbus Voltage Current Power Energy Meter Electric Watt Meter,₱515.00,N/A,https://www.lazada.com.ph/products/pdp-i3079188577.html
CM83E Clamp Multimeter 0-600A AC DC Current Clamp Meter Temperature Measure On-Off Beeping Smart Anti-Burn Meter 6000 Count Multimeter High Precision Clamp Meter NCV Ohmmeter Diode Resistance Continuity Tester Non-Contact Multimeter Digital Clamp Meter,"₱1,078.11",N/A,https://www.lazada.com.ph/products/pdp-i5167810389.html
WiFi Smart Circuit Breaker Single Phase Energy Meter Auto-Reclosing Protector APP Remote Control Work With Tuya Alexa Google,"₱1,199.37",N/A,https://www.lazada.com.ph/products/pdp-i5323365652.html
Energy Kwh Metering Tuya WiFi Smart Circuit Breaker Electricity Statistics Remote Voice Control Smart WiFi Circuit Breaker Switch Remote Control Monitoring Voltage Current Meter Protector Smart Home,₱686.82,N/A,https://www.lazada.com.ph/products/pdp-i15417238721.html
Tuya WiFi 8 in 1 Power Meter 2P Multi-function AC Energy Meter Color Display APP Control 170-270V/63A Voltage and Current Meter,₱833.01,N/A,https://www.lazada.com.ph/products/pdp-i15430722989.html
AR991 New Smart Sensor Digital Moisture Meter For Grains Corn Wheat Rice Bean Peanut Moisture Hygrometer Tester,"₱1,099.00",N/A,https://www.lazada.com.ph/products/pdp-i3439494249.html
Tuya WiFi Home Intelligent Digital Display Electricity Meter DIN-Rail Voltage and Current Meter Multi-function Metering,₱994.95,N/A,https://www.lazada.com.ph/products/pdp-i15441488847.html
FUYI | High Precision Smart Clamp Meter,"₱1,118.71",N/A,https://www.lazada.com.ph/products/pdp-i5347708133.html
Acrel ACR10R-D16TE Single phase Din Rail PV/Solar Inverter Energy Meter Electric Power Data Logger with LCD Digital Display Zero Export Energy Meter,"₱3,793.59",N/A,https://www.lazada.com.ph/products/pdp-i3369722417.html
TAXNELE TUYA WiFi Smart Circuit Breaker 63A Leakage Over Under Voltage Protector Relay Switch Energy Power KWh Meter Smart Life Device,"₱1,138.00",N/A,https://www.lazada.com.ph/products/pdp-i5339652001.html
D52-2066 AC Monitor 110V 220V Voltage Current Power KWH Electric Energy Frequency Meter Volt-Ampere,₱518.00,N/A,https://www.lazada.com.ph/products/pdp-i5076026394.html
Energy Meter 220/380V 20‑80A Energy Consumption Digital Electric Power Meter 3 Phase KWh Meter,"₱1,039.13",N/A,https://www.lazada.com.ph/products/pdp-i15434674598.html
KWS-AC300 AC 50-300V Voltmeter Ammeter Power Energy Tester LED Wattmeter Electric Meter with Reset Function 0-100A,₱556.09,N/A,https://www.lazada.com.ph/products/pdp-i2325921469.html
KWS-AC301 Digital Voltmeter AC 50-300V 0-100A Power Energy Meter LED Display Voltage Tester,₱432.95,N/A,https://www.lazada.com.ph/products/pdp-i2366585706.html
Welans 6 in 1 AC 80V-260V 5A 10A 100A Digital Voltmeter Ammeter Voltage Current Tester Power Energy Frequency Power Factor Meter,₱636.98,N/A,https://www.lazada.com.ph/products/pdp-i3385165551.html
PEAKMETER PM2019A Digital Smart AC 3000A Flexible Clamp Meter Multimeter Handheld Current Detector,"₱3,265.20",N/A,https://www.lazada.com.ph/products/pdp-i3737904772.html
"Top Seller INTELLIGENT ENERGY SAVER ELECTRICITY SAVING BOX | 90V-250V Household Smart Power Saver Device | Stop-Watt Energy Saving Device with Smart-Capacitor Voltage Stabilizer | Heavy-Duty Power Factor Saver for Home, Offices & Shop | White (US/PH Plug)",₱245.00,N/A,https://www.lazada.com.ph/products/pdp-i15419549798.html
Shockley B-attery Meter Indicator Voltage Meter 6133A DC8-100V with Alarm Lithium Ion B-attery Capacity Monitor,₱185.00,N/A,https://www.lazada.com.ph/products/pdp-i3447423873.html
MUHUALAN | Power Consumption Meter Energy Display Plug,₱368.60,N/A,https://www.lazada.com.ph/products/pdp-i15416436614.html
Digital Watt Power Meter Electric Monitor US 220V Plug Socket Voltage Watt meter Power Energy Meter,₱427.00,N/A,https://www.lazada.com.ph/products/pdp-i5234569662.html
Zigbee Soil Moisture Tester Meter Tuya Smart Life Hygrometer Temperature Soil Fertility Sensor For Z2M Automation Irrigation,₱491.57,N/A,https://www.lazada.com.ph/products/pdp-i5366876365.html
DDS1108 Digital Electric Energy Meter Single Phase AC220V 60Hz Multifunctional LCD Display Wattmeter KWh Meter,₱273.00,N/A,https://www.lazada.com.ph/products/pdp-i5251553963.html
For DEYE Growatt Solis Aiswei Inverter Single Three 1 3 Phase DIN Rail Modbus RS485 Smart Energy Power Meter DDSU666 DTSU666,"₱2,762.28",N/A,https://www.lazada.com.ph/products/pdp-i5015982933.html
ANENG 681 Smart Anti-burn Rechargeable Multimeter True RMS Digital Multimeter Tester 6000 Counts Multimetro Tester Voltage Tester Hz Ohm Diode Meter with LCD Screen Sheath,"₱1,099.00",N/A,https://www.lazada.com.ph/products/pdp-i4230376365.html
diymore KWS-302WF AC170-300V Digital Energy Meter Multifunction Din Rail Power Meter KWH Meter with LED Display,₱729.00,N/A,https://www.lazada.com.ph/products/pdp-i4101104299.html
Eastron Growatt Deye three-phase anti-backflow meter SDM630 Modbus SDM630MCT V3 SDM120CT SDM630Modbus V2 three-phase multi-function energy meter,"₱5,618.00",N/A,https://www.lazada.com.ph/products/pdp-i5338573514.html
"🔥【PH Stock】TRXNELE D52-2066 6-in-1 AC Power Energy Monitor | Real-Time Display: Watt, Voltage, Current, KWH, Hz, Power Factor | 80-300V 100A, Easy DIY Installation | Manila COD Fast Delivery",₱415.00,N/A,https://www.lazada.com.ph/products/pdp-i5333379021.html
Strong Electricity Power Saver Power sonic energy saving device Smart Energy Saver Device Box electrical circuitry parts Save 70%,₱105.00,N/A,https://www.lazada.com.ph/products/pdp-i4005977675.html
Multipurpose Voltage Current Power Meter DC4-30V 10A,₱221.00,N/A,https://www.lazada.com.ph/products/pdp-i5184948235.html
Digital Watt Power Meter Wattmeter Monitor Socket Electric Meter Reader Digital Watt Meter And Power Analyzer Watt Volt Amp Current Voltage Frequency Electricity Analyzer Monitor Measuring Socket,₱428.00,N/A,https://www.lazada.com.ph/products/pdp-i2551696881.html
"1-20Pcs Thicken Microfiber Car Cleaning Towels, Soft Quick Drying Windows Mirrors Wiping Rags, Highly Absorbent Cleaning Cloth, Reusable Car Wash Cloth, Home Double-sides Clean Cloths",₱24.00,N/A,https://www.lazada.com.ph/products/pdp-i4855291095.html
"Smart Home Energy Monitor (Home IoT Solution / Solar Net Metering), Includes 2 x 200 Amp and 8 x 50Amp sensors. Emporia Gen 2 Vue","₱16,000.00",N/A,https://www.lazada.com.ph/products/pdp-i3904495896.html
63A D52-2066 6IN1 AC monitor 110V 220V 230V Voltage Current Power Factor KWH energy Frequency meter,₱488.00,N/A,https://www.lazada.com.ph/products/pdp-i15481297399.html
UPLift Digital Power Meter Energy Reader Wattmeter Voltmeter KWh Electricity Monitor for Appliance Computer Aircon with Backlight for Philippine Use,₱476.00,N/A,https://www.lazada.com.ph/products/pdp-i4128976986.html
[Fast Delivery] ANENG 683 6000 Counts Digital Multimeter AC/DC Voltage Test Current Ammeter Smart Touch Screen Multimeter NCV Diode Test,"₱1,499.00",N/A,https://www.lazada.com.ph/products/pdp-i3686213426.html
ANENG 622B Multimeter 9999 Count Smart Professional AC/DC Voltage Meter Current Tester with VA Color Screen Temp Diode Ohm Tools,"₱1,818.87",N/A,https://www.lazada.com.ph/products/pdp-i5160772712.html
Coulomb Counter Voltage Current Meter Lithium Iron Phosphate Battery Display,₱467.00,N/A,https://www.lazada.com.ph/products/pdp-i15457739974.html
Metar AC Panel Meter LCD Blue Backlight Digital Voltage Mmeter Tester Voltmeter 110/220V Switch EU/US Plug Volt Power Monitor,₱166.00,N/A,https://www.lazada.com.ph/products/pdp-i4052493397.html
WiFi Smart Water Timer Garden Sprinkler Tuya Programmable 2 Zone Watering Auto Irrigation Controller Solar Powered Flow Meter,"₱2,833.19",N/A,https://www.lazada.com.ph/products/pdp-i15495588196.html
JY Smart Mall 220Ml High Capacity Air Humidifier Ultrasonic Air Purifier Aroma Essential Oil Diffuser,₱89.00,N/A,https://www.lazada.com.ph/products/pdp-i2324281914.html
Welans B-attery Level Indicator DC5-30V 12V 24V 2S-8S Ternary Lithium B-attery Lithium Iron Phosphate Lead-Acid B-attery Capacity Display Tester Meter Universal B-attery Indicator Smart Power Display Board,₱83.84,N/A,https://www.lazada.com.ph/products/pdp-i3570941219.html
AC monitor 300V 100A Voltage Current Power Factor Active KWH Electric energy Frequency meter VOLT AMP Single Phase Energy Meter Din Rail Electricity Usage Monitor Voltmeter Ammeter Watt Kwh Frequency Power Meter,₱488.00,N/A,https://www.lazada.com.ph/products/pdp-i5285998959.html
Flowatt AC Din Rail Wattmeter Voltmeter Ammeter Power Meter AC 50-300V 100A Multi-function Volt Amp Power Energy Voltage Current Montior,₱449.00,N/A,https://www.lazada.com.ph/products/pdp-i4073855037.html
Adjustable Voltage Current Protection LCD Digital Display Power Consumption Watt-Hour Meter Automati,₱399.00,N/A,https://www.lazada.com.ph/products/pdp-i3838558846.html
Multifunctional for Shooting Speed Meter Ball Velocity Energy Measurement Shooting Chronograph Bullet Speed Tester,"₱1,263.93",N/A,https://www.lazada.com.ph/products/pdp-i4214632725.html
Emporia Smart Home Energy Monitor | Real Time Electricity Monitor/Meter | Solar/Net Metering | (Monitor Only),"₱14,970.00",N/A,https://www.lazada.com.ph/products/pdp-i2210938247.html
"100% Legit High Yield Red Papaya Seeds Red Lady Dwarf Papaya Seeds for Planting Fruits (High Germination, 10pcs) Fresh Bonsai Papaya Plant Seeds for Garden Sweet Papaya Potted Fruit Seeds Real Plants Red Lady F1 Papaya Seeds Fruit Bearing Tree Seedlings",₱82.00,N/A,https://www.lazada.com.ph/products/pdp-i5270504021.html
6IN1 Din rail AC monitor 110V 220V 100A Voltage Current Power Factor Active KWH Electric energy Frequency meter VOLT AMP,₱598.00,N/A,https://www.lazada.com.ph/products/pdp-i3196121672.html
COD+Local+ReadyStock Metar Smart Sensor AC 80-300V LCD Digital Voltmeter Plug-Type Volt Gauge Meter 110V 220V Voltage Measuring Monitor Panel,₱169.00,N/A,https://www.lazada.com.ph/products/pdp-i4376166152.html
Portable Energy Consumption Plug-In Electricity Saving Box Devices to Stabilize Voltage and Balance Current Electricity,₱47.00,N/A,https://www.lazada.com.ph/products/pdp-i15421037998.html
Multifunctional Waterproof LED Headlamp XPE + COB USB Rechargeable Headlight Head Torch Head Lamp,₱62.00,N/A,https://www.lazada.com.ph/products/pdp-i1346116220.html
Multimeter Digital Electric Energy Power Meter With Or Without Backlight KWH V A W Single Phase Wattmeter AC 230V 50/60Hz,₱243.00,N/A,https://www.lazada.com.ph/products/pdp-i4359103626.html
20A/50A/100A/200A Digital Meter DC8-100V Voltmeter Ammeter LCD 4-in-1 DC Voltage Current Power Energy Detector Amperimetro Shunt,₱590.21,N/A,https://www.lazada.com.ph/products/pdp-i4402362311.html
Optimize Energy Consumption Plug-In Electricity Saving Box Devices to Stabilize Voltage and Balance Current,₱47.00,N/A,https://www.lazada.com.ph/products/pdp-i15387796651.html
Energy Saver Electricity Saving Box Power Factor Saver Electricity Saving Box Household Office,₱199.00,N/A,https://www.lazada.com.ph/products/pdp-i5392419767.html
Power Saver Authentic/Effective Power Electricity Energy Saving Box 90% Saver Device Tipid Kuryente,₱99.00,N/A,https://www.lazada.com.ph/products/pdp-i5325224337.html
【Warranty】Security Wireless Doorbell 16 Tune Songs Easy Installation Smart Waterproof Door Bell Button for Home Office Hotel,₱129.00,N/A,https://www.lazada.com.ph/products/pdp-i4076273162.html
diymore EU/U.S. Standard Plug Small Screen Electric Energy Metering Socket Power Monitoring Smart Billing Socket Power Meter Socket Digital Voltage Watt Meter Power Consumption Watt Energy Monitor AC Power Analyzer,₱485.00,N/A,https://www.lazada.com.ph/products/pdp-i2539673380.html
【Fast Delivery】ANENG 6000 Counts Smart Digital Multimeter Tester Auto Range RMS NCV DC AC Voltage Current Resistance Frequency High Precision with LED Lights,₱286.00,N/A,https://www.lazada.com.ph/products/pdp-i4109668105.html
"Authentic and Effective Power Electricity Energy Saving Saver Device (BEST SELLER) power saver electricity, power saver box, ,energy saver electricity Energy Saving Less bill Electricity Energy Saver Power Saving Box Device",₱179.00,N/A,https://www.lazada.com.ph/products/pdp-i3195189628.html
MASTFUYI Mini Digital Multimeter Smart Electrician Tester For DC/AC Voltage Capacitance Ohm Hz NCV Professional Multitester,₱512.07,N/A,https://www.lazada.com.ph/products/pdp-i4712114264.html
Universal Plug-In Optimize Energy Consumption Electricity Saving Box Devices for Stabilize Voltage and Balance Current,₱47.00,N/A,https://www.lazada.com.ph/products/pdp-i15417532285.html
DC 0-420V Tuya WiFi Smart Lithium Battery Capacity Detection Tester DC digital Display Current Voltage Coulomb Power Meter DT20W,"₱1,108.00",N/A,https://www.lazada.com.ph/products/pdp-i5374562827.html
TAXNELE Smart Life TUYA WIFI Circuit Breaker 63A 110V 220V Energy Meter Metering Timer with Voltage Current Leakage Protection,"₱1,098.00",N/A,https://www.lazada.com.ph/products/pdp-i5336137892.html
ZS-6035VAKW Electricity Usage Monitor Digital Meter AC 30-400V Voltmeter Ammeter Watt Kwh Frequency Din Rail,₱384.00,N/A,https://www.lazada.com.ph/products/pdp-i15392273770.html
SMATRUL 63A Tuya WIFI Smart Switch Energy Metering Circuit Breaker Short Circuit Leakage Protection Timer with Voltage Current and Smart Reclosing Switch Remote Control Household Overvoltage/Undervoltage Leakage Reclosing Meter Supports Voice Control,"₱2,132.24",N/A,https://www.lazada.com.ph/products/pdp-i4120123860.html
Wired Shunt Coulombmeter DC 8-120V 100/200/300/500A Energy Meter Battery Capacity Tester Low Voltage Alarm LCD Ammeter Voltmeter,"₱1,479.62",N/A,https://www.lazada.com.ph/products/pdp-i15412445207.html
Hot Sell Multifunctional for Shooting Speed Meter Ball Velocity Energy Measurement Shooting Chronograph Bullet Speed Tester,"₱1,039.72",N/A,https://www.lazada.com.ph/products/pdp-i4865192725.html
TUYA WIFI Smart Circuit Breaker 1P 63A Power Metering Energy Meter DIN Rail Smart Home wireless Remote Control Voltage Current Protection Switch Over Current Limter,₱597.31,N/A,https://www.lazada.com.ph/products/pdp-i3838770438.html
Smart Clamp Meter Multimeter 4000 Count Digital 600A High Current Professional Non-contact Measurement NCV Induction ANENG PN109,₱765.07,N/A,https://www.lazada.com.ph/products/pdp-i5368086299.html
"High-Precision 7-Mode Energy Monitor Socket, Digital Watt/Volt/Amp/Frequency Power Analyzer with Data Hold",₱412.00,N/A,https://www.lazada.com.ph/products/pdp-i5073946643.html
Smart Digital Grain Moisture Meter Humidity Tester for 25 Kinds of Grain Corn Coffee Wheat Seeds Hygrometer Moisture Analysis,"₱6,899.48",N/A,https://www.lazada.com.ph/products/pdp-i5107595128.html
D52-2066 6IN1 Din rail AC Monitor 220V 380V 100A Voltage Current Power Factor Active KWH Electric energy Frequency meter VOLT AMP,₱477.00,N/A,https://www.lazada.com.ph/products/pdp-i5151060044.html
Smart Sensor UT202A+ 6000 Counts Digital Clamp Meter True RMS Multimeter Clamp Ammeter Voltage Meter NCV Test Universal Meter Tester AC Current Clamp Tester Measuring Relative Value Capacitance Frequency Duty Cycle LIVE Test,"₱1,490.30",N/A,https://www.lazada.com.ph/products/pdp-i824978642.html
100A Modbus 4 Wire Three Phase Multi-function Din Rail Energy Meter RS485 SDM TAC4300,"₱3,155.00",N/A,https://www.lazada.com.ph/products/pdp-i3914459523.html
WiFi Smart Circuit Breaker Thermal Protection Circuit Breaker Timing Voice Mobile Phone Control 1-63A with Metering,₱549.00,N/A,https://www.lazada.com.ph/products/pdp-i5247680820.html
【LeeandHan】 Multi Parameter Energy Meter with Wide Measurement Range and High Accuracy,₱675.00,N/A,https://www.lazada.com.ph/products/pdp-i15388093893.html
HT123 Smart Mini Digital Multimeter 600V Auto Range Multi Meter AC DC Voltage Resistance Continuity Tester NCV Non-contact Multimeter,₱385.00,N/A,https://www.lazada.com.ph/products/pdp-i4565700323.html
HABOTEST HT124 Smart Digital Multimeter 600V AC/DC Voltmeter 4000 Counts True RMS Auto Ranging Voltage Meter NVC Live Wire Tester,₱458.00,N/A,https://www.lazada.com.ph/products/pdp-i3415000725.html
NEW Multifunctional for Shooting Speed Meter Ball Velocity Energy Measurement Shooting Chronograph Bullet Speed Tester,"₱1,097.60",N/A,https://www.lazada.com.ph/products/pdp-i5241023524.html
80A Din rail Single Phase Two Wire LCD Digital Display Power Consumption Energy Electric Meter kWh AC 220V 230V 50Hz/60Hz,₱315.59,N/A,https://www.lazada.com.ph/products/pdp-i1550328772.html
[COD] PkYeG Tool AC 220V 60A 50Hz LCD Digital Display Single Phase Electric Energy Meter KWH AC Digital Watt-Hour Meter Test Meters Din Rail,₱257.90,N/A,https://www.lazada.com.ph/products/pdp-i5201556050.html
D52-2066 6IN1 Din Rail AC Monitor 110V 220V 380V 100A Voltage Current Power Factor Active KWH Electric Energy Frequency Meter VOLT AMP,₱480.00,N/A,https://www.lazada.com.ph/products/pdp-i5199351074.html
Pure CU D52-2066 6IN1 AC monitor 220V 100A Voltage Current Power Factor KWH energy Frequency meter,₱499.00,N/A,https://www.lazada.com.ph/products/pdp-i15457232135.html
100A Amp Energy Meter Current Transformer Split Base Coil Sensor for Power Testing,₱247.13,N/A,https://www.lazada.com.ph/products/pdp-i5319161594.html
LCD Digital Panel Wattmeter Energy Power Meter Voltage Voltmeter Current Ammeter Frequency Indicator AC 110V 220V 380V 100A,₱690.77,N/A,https://www.lazada.com.ph/products/pdp-i1558176093.html
QIUWU 60A DDS1108 LCD Digital Display Single Phase Energy Meter With Backlight Single Phase Energy Meter Test Meters Detectors,₱287.55,N/A,https://www.lazada.com.ph/products/pdp-i5174906519.html
6000/9999 Counts Voltmeter Ammeter DC AC Voltage Current True RMS Handheld Smart Digital Multimeter Resistance Frequency High Precision with LED Lights-Red/Orange,₱779.00,N/A,https://www.lazada.com.ph/products/pdp-i3491707383.html
Tuya Zigbee Soil Tester Smart Soil Sensor Digital Soil Moisture Detector Temperature Humidity Sunlight Meter for Pots Garden,₱821.68,N/A,https://www.lazada.com.ph/products/pdp-i5322112507.html
HABOTEST HT125 Smart Digital Multimeter 4000 Counts RMS NCV Auto Voltage Tester Meter with LED Flashlight AC DC 400mV 4V 40V 400V 600V,₱590.00,N/A,https://www.lazada.com.ph/products/pdp-i3784071780.html
D52-2066 6IN1 Din rail AC Monitor 110V 220V 380V 100A Voltage Current Power Factor Active KWH Electric energy Frequency meter VOLT AMP,₱499.00,N/A,https://www.lazada.com.ph/products/pdp-i3428837329.html
"diymore 220V 20A AC Energy Meter, Digital Display Voltage, Current and Power Meter, AC J7-20A",₱418.00,N/A,https://www.lazada.com.ph/products/pdp-i2224720885.html
Single Phase Two Wire LCD Digital Display Wattmeter Power Consumption Energy Electric Meter kWh AC 230V 50Hz 60Hz Electric Din Rail,₱314.18,N/A,https://www.lazada.com.ph/products/pdp-i531500752.html
6IN1 din rail AC monitor 110V 220V 380V 100A Voltage Current Power Factor Active KWH Electric energy Frequency meter VOLT AMP,₱701.58,N/A,https://www.lazada.com.ph/products/pdp-i4404054393.html
DIGITAL ELECTRIC SUB METER GLASS TYPE,₱350.00,N/A,https://www.lazada.com.ph/products/pdp-i4387470076.html
Uses only 1 kWh USA Imported chip Power Electricity Saver Box Intelligent Energy Saver Stable voltage Energy Saver Device 90V-250V Plug And Play Applicable To All Electricity Meters Power Saving Box Saving Less Bill Device Electricity Saving Box,₱358.00,N/A,https://www.lazada.com.ph/products/pdp-i4442599108.html
63A 230V Din Rail Adjustable Over Under Voltage Protective Device Protector Relay Over Current Protection Energy KWH Meter,₱453.00,N/A,https://www.lazada.com.ph/products/pdp-i5326504390.html
New Stop Wasting Electricity Saving Box Energy Saving Device Upgrade Esaver Watt Energy Saver,₱48.00,N/A,https://www.lazada.com.ph/products/pdp-i5194687970.html
ELECTRICAL METER BASE,₱295.00,N/A,https://www.lazada.com.ph/products/pdp-i751062572.html
Digital Wattmeter 220V 110V AC Power Meter Electricy Consumption Energy Meter Power Kilowatt Wattage Electricity Meter EU Plug,₱490.83,N/A,https://www.lazada.com.ph/products/pdp-i4215273091.html
Allan New Ultrasonic Led Lights 12 Eyes 12v Superbright COB LED Water proof LED Module,₱12.00,N/A,https://www.lazada.com.ph/products/pdp-i3940715802.html
Bluetooth prepaid electricity meter 220V rental house mobile phone QR code recharge single-phase scanning code paid smart electricity meter,"₱2,285.34",N/A,https://www.lazada.com.ph/products/pdp-i5025493652.html
DT20W 0-420V Tuya WiFi Smart Lithium Battery Capacity Detection Tester DC digital Display Current Voltage Coulomb Power Meter,"₱1,912.73",N/A,https://www.lazada.com.ph/products/pdp-i5146146876.html
Energy Meter Overcurrent Safety Single Phase Voltage Current Meter Color LCD Display Overtemperature Safety for Home Industry,₱929.70,N/A,https://www.lazada.com.ph/products/pdp-i15494352399.html
6 in 1 Digital Single Phase Energy Meter Tester Din Rail AC Monitor Voltage Current Power KWH 100A Electricity Usage Monitor,₱979.77,N/A,https://www.lazada.com.ph/products/pdp-i15486665117.html
63A 1P+N Tuya WiFi Smart Circuit Breaker Switch Kwh Metering Timer Relay MCB Voltage Current Protect Alexa Google Home Alice,₱580.06,N/A,https://www.lazada.com.ph/products/pdp-i15499622073.html
Tuya Wifi Smart Circuit Breaker Switch With Metering 63A 2P Din Rail remote control Smart Home Smart Life App Timer Module ATELE,₱951.45,N/A,https://www.lazada.com.ph/products/pdp-i5353596173.html
Smart Prepaid Electric Meter Remote Digital Display,₱774.00,N/A,https://www.lazada.com.ph/products/pdp-i15418647989.html
Wifi Power Energy Meter AC Monitor AC 85-290V 80A 3 Phase 4-wire DIN Rail Over Under Voltage Protector Electricity Meter,"₱1,731.82",N/A,https://www.lazada.com.ph/products/pdp-i15493444154.html
ANENG 613 3 in 1 Smart Multimeter Perpetual Calendar Temperature Hygrometer 4000 Counts Digital AC/DC Curent Voltage,₱922.85,N/A,https://www.lazada.com.ph/products/pdp-i15395973048.html
✅COD 6IN1 Din Rail AC Monitor 110V 220V 380V 100A Voltage Current Power Factor Active KWH Electric Energy Frequency Meter,₱437.00,N/A,https://www.lazada.com.ph/products/pdp-i5343691815.html
"Wholesale 1000Pcs Self Locking Nylon Cable Ties, Plastic Cord Tie, Heavy Duty Cables Fastening Rings Loop, Hardware Organizer Wire Straps",₱35.00,N/A,https://www.lazada.com.ph/products/pdp-i4858831436.html
AC DC Voltage Current Clamp Big Screen Digital Clamp Meter Smart True RMS Auto Range Temp Capacitance Ohm Hz Ammeter Plier,"₱1,498.55",N/A,https://www.lazada.com.ph/products/pdp-i5291323066.html
(SDRB) 1 Piece 3 Phase 4P KWh Meter Energy Meter Digital Electric Power Meter Electricity Usage Monitor 230 / 400V 5-100A,"₱1,576.30",N/A,https://www.lazada.com.ph/products/pdp-i5126552833.html
6IN1 Din rail AC monitor 110V 220V 100A Voltage Current Power Factor Active KWH Electric energy Frequency meter VOLT AMP,₱420.00,N/A,https://www.lazada.com.ph/products/pdp-i5144657987.html
220V 40/63A Adjustable Over Under Voltage Protective Device Din Rail Adjust Voltage Relay Current Protection Limit Energy Meter,₱499.00,N/A,https://www.lazada.com.ph/products/pdp-i15446123218.html
Digital Energy Meter Din Rail Electricity Usage Monitor AC30-400V Voltmeter Ammeter Watt Kwh Frequency Power Meter ZS-6035VAKW,₱429.56,N/A,https://www.lazada.com.ph/products/pdp-i15499592325.html
DC 60V 100A WATT Meter Power Analyser LCD Digital Current Energy Meter DC Power Analyser 1 Pieces,₱391.60,N/A,https://www.lazada.com.ph/products/pdp-i5200401364.html
"Zoyi Smart Digital Clamp Meter - ZT-QB3 AC/DC Voltage, AC Current, Resistance, Capacitance, Frequency, and Continuity",₱500.00,N/A,https://www.lazada.com.ph/products/pdp-i503608042.html
"ZOYI ZT-17B+ is an electrical multimeter known for its high precision digital display, smart home capacitance meter, and o","₱1,030.34",N/A,https://www.lazada.com.ph/products/pdp-i4551407234.html
【Vodool Auto Center】 220V 40/63A Din Rail WattmeterAdjustable Over Under Voltage Protective Device KWh Power Consumption Current Protection Limit Energy Meter,₱378.00,N/A,https://www.lazada.com.ph/products/pdp-i15445621337.html
Digital Solar MPPT Meter Photovoltaic Panel Maximum Power Tester Pmax Vmp Amp Voc Lsc Measurement PV Module Max Power Tester,"₱1,725.69",N/A,https://www.lazada.com.ph/products/pdp-i15496546744.html
UNI-T UT61E Plus Smart Multimeter Digital Professional Multi Meter 22000 Counts AC DC Ammeter Voltmeter Multitester,"₱4,620.20",N/A,https://www.lazada.com.ph/products/pdp-i4760241723.html
"5-in-1 Portable Grain Moisture Meter, 25 Grains,Smart Humidity Tester for Wheat Bean Peanut Moisture Detector, MG-Pro","₱6,784.60",N/A,https://www.lazada.com.ph/products/pdp-i5250452082.html
BSIDE Smart Digital Multimeter Rechargeable Electronic Tester AC DC Contactless NCV Automatic Diode Capacitor Breakpoint Meter,₱718.86,N/A,https://www.lazada.com.ph/products/pdp-i4213845247.html
FNIRSI MT-40 Smart Digital Multimeter 4000 Counts True RMS AC DC Voltage 600V Capacitance Ohm Hz NCV Live Wire Test Auto Range,₱786.88,N/A,https://www.lazada.com.ph/products/pdp-i4776325523.html
"diymore PZEM-018 5A/PZEM-020 10A/PZEM-022 100A 80-260V AC Digital Energy Meter, Used for Closed AC Voltmeter Testing of CT Series Energy Meters",₱626.00,N/A,https://www.lazada.com.ph/products/pdp-i2435249640.html
DC SPD 2P 1000VDC/800VDC/500VDC 20KA-40KA Surge Protection Device Energy Meter Voltage Electricity,₱240.00,N/A,https://www.lazada.com.ph/products/pdp-i5106446209.html
"""The new 50th power saver"" smart meter for household energy-saving housekeeper air conditioner energy saver electricity saving king",₱702.94,N/A,https://www.lazada.com.ph/products/pdp-i5129968208.html
Electronic Tape Measure Smart Rolling Measuring Tool Rechargeable Electronic Distance Meter for Cylindrical Diameter Measurement,₱839.19,N/A,https://www.lazada.com.ph/products/pdp-i15487731433.html
Aibecy Power Meter Multifunctional Energy Meter 3 X 230V 400V 10 100 A for Offices,"₱1,325.96",N/A,https://www.lazada.com.ph/products/pdp-i5203692388.html
High-Precision Digital Smart Multimeter Anti-Burn,₱772.00,N/A,https://www.lazada.com.ph/products/pdp-i15418803526.html
SAVVYSHELF Smart Digital Multimeter NCV Tester AC/DC Voltage Resistance Electronic Tester HABOTEST HT123 Anti-Burning Voltage Meter,₱376.55,N/A,https://www.lazada.com.ph/products/pdp-i5375253447.html
Digital Multimeter NCV Voltage Current Detector Clamp Meter Current Voltage Resistance Capacitance Tester Live Wire Test,₱431.00,N/A,https://www.lazada.com.ph/products/pdp-i4615623157.html
Multifunctional for Shooting Speed Meter Ball Velocity Energy Measurement Shooting Chronograph Bullet Speed Tester,"₱1,055.66",N/A,https://www.lazada.com.ph/products/pdp-i15439051707.html
High Precision Diesel Flow Meter,"₱2,116.02",N/A,https://www.lazada.com.ph/products/pdp-i5347789229.html
Digital LCD Energy Meter Wattmeter Wattage Electricity Kwh Power Meter Measuring Measuring Outlet Power Analyzer,₱582.00,N/A,https://www.lazada.com.ph/products/pdp-i5206615502.html
USB Rechargeable Blood Pressure Meter Smart Touch Screen Wrist Blood Pressure Eter,₱321.00,N/A,https://www.lazada.com.ph/products/pdp-i15453445414.html
LCD Plug in Power Energy Meter Electricity Usage Monitor Digital Power Meter for Home,₱622.68,N/A,https://www.lazada.com.ph/products/pdp-i5354447700.html
Universal Car Motorcycle Wire With 10 Meters Roll size18 (Original),₱49.00,N/A,https://www.lazada.com.ph/products/pdp-i4315893557.html
DC SPD 2P 1000VDC/800VDC/500VDC 20KA-40KA Surge Protection Device Energy Meter Voltage Electricity Current Detection,₱389.00,N/A,https://www.lazada.com.ph/products/pdp-i3909536613.html
"Moketa Electric Sub-Meter (60Amp) digital electric meter For home use, rental housing, and hotels Single phase household smart energy meter, electronic rental electricity meter",₱336.00,N/A,https://www.lazada.com.ph/products/pdp-i15410466669.html
