"LVM GROSS GENERATION PER REGION AND TECHNOLOGY (GRID), in MWh",nan,
,,
TECHNOLOGY TOTAL,,
,,
COAL,,
OIL-BASED,,
Combined Cycle,,
Diesel,,
Gas Turbine,,
Oil Thermal,,
NATURAL GAS,,
GEOTHERMAL,,
BIOMASS,,
LFG,,
Biogas,,
"Rice, Bagasse, Napier",,
WIND,,
SOLAR,,
HYDRO,,
,,
,,
TECHNOLOGY,,
COAL,,
OIL-BASED,,
Combined Cycle,,
Diesel,,
Gas Turbine,,
Oil Thermal,,
NATURAL GAS,,
GEOTHERMAL,,
BIOMASS,,
LFG,,
Biogas,,
"Rice, Bagasse, Napier",,
WIND,,
SOLAR,,
HYDRO,,
,,
TECHNOLOGY,,
,,
COAL,,
OIL-BASED,,
Combined Cycle,,
Diesel,,
Gas Turbine,,
Oil Thermal,,
NATURAL GAS,,
GEOTHERMAL,,
BIOMASS,,
LFG,,
Biogas,,
"Rice, Bagasse, Napier",,
WIND,,
SOLAR,,
HYDRO,,
